product_id,category,brand,cost_price,launch_date
PROD0001,Electronics,BrandE,11728,2024-02-06
PROD0002,Electronics,BrandC,38219,2022-01-08
PROD0003,Electronics,BrandC,4653,2023-10-09
PROD0004,Electronics,BrandB,6618,2021-04-21
PROD0005,Electronics,BrandE,38591,2020-10-04
PROD0006,Electronics,BrandD,8046,2022-07-12
PROD0007,Electronics,BrandD,710,2021-12-01
PROD0008,Electronics,BrandE,4402,2023-04-24
PROD0009,Electronics,BrandD,34411,2023-09-11
PROD0010,Electronics,BrandA,34334,2022-10-29
PROD0011,Electronics,BrandD,41976,2024-01-24
PROD0012,Electronics,BrandA,14756,2020-10-02
PROD0013,Electronics,BrandE,39104,2023-05-01
PROD0014,Electronics,BrandD,46587,2024-01-15
PROD0015,Electronics,BrandD,18756,2021-05-03
PROD0016,Electronics,BrandA,41911,2021-12-06
PROD0017,Electronics,BrandA,4636,2022-09-13
PROD0018,Electronics,BrandC,49971,2022-01-01
PROD0019,Electronics,BrandB,43074,2023-03-25
PROD0020,Electronics,BrandD,19956,2021-01-17
PROD0021,Electronics,BrandB,36510,2022-08-13
PROD0022,Electronics,BrandB,44930,2021-02-27
PROD0023,Electronics,BrandD,16547,2021-10-01
PROD0024,Electronics,BrandA,45923,2022-12-09
PROD0025,Electronics,BrandC,33427,2021-10-04
PROD0026,Electronics,BrandE,34601,2021-09-17
PROD0027,Electronics,BrandD,8961,2021-02-09
PROD0028,Electronics,BrandD,20378,2024-01-23
PROD0029,Electronics,BrandE,1642,2022-06-08
PROD0030,Electronics,BrandB,42331,2021-02-01
PROD0031,Electronics,BrandC,2515,2020-05-29
PROD0032,Electronics,BrandB,43851,2020-09-13
PROD0033,Electronics,BrandE,13005,2020-01-11
PROD0034,Electronics,BrandE,21701,2020-10-02
PROD0035,Electronics,BrandC,38255,2020-02-01
PROD0036,Electronics,BrandE,21663,2023-02-13
PROD0037,Electronics,BrandE,41055,2022-06-02
PROD0038,Electronics,BrandC,6743,2021-11-02
PROD0039,Electronics,BrandD,48535,2023-06-30
PROD0040,Electronics,BrandB,24144,2022-11-08
PROD0041,Electronics,BrandD,11346,2022-04-08
PROD0042,Electronics,BrandD,2558,2021-09-12
PROD0043,Electronics,BrandB,6128,2020-06-28
PROD0044,Electronics,BrandD,38315,2022-06-11
PROD0045,Electronics,BrandC,34816,2021-10-08
PROD0046,Electronics,BrandB,6406,2022-08-05
PROD0047,Electronics,BrandA,41119,2021-02-18
PROD0048,Electronics,BrandD,40960,2022-11-27
PROD0049,Electronics,BrandE,27778,2022-04-18
PROD0050,Electronics,BrandB,25008,2022-02-15
PROD0051,Electronics,BrandA,12463,2023-01-28
PROD0052,Electronics,BrandE,14166,2021-03-12
PROD0053,Electronics,BrandA,48997,2023-02-28
PROD0054,Electronics,BrandD,48644,2023-11-03
PROD0055,Electronics,BrandE,32811,2022-03-29
PROD0056,Electronics,BrandD,289,2021-06-13
PROD0057,Electronics,BrandE,11852,2021-11-07
PROD0058,Electronics,BrandB,7582,2022-07-03
PROD0059,Electronics,BrandC,16779,2021-02-09
PROD0060,Electronics,BrandC,24652,2022-11-22
PROD0061,Electronics,BrandA,899,2022-12-05
PROD0062,Electronics,BrandE,25481,2022-11-08
PROD0063,Electronics,BrandD,10034,2023-10-25
PROD0064,Electronics,BrandB,19184,2023-07-10
PROD0065,Electronics,BrandB,41656,2020-02-12
PROD0066,Electronics,BrandB,10009,2020-01-09
PROD0067,Electronics,BrandC,26031,2020-10-01
PROD0068,Electronics,BrandD,45283,2023-03-25
PROD0069,Electronics,BrandB,25968,2021-04-18
PROD0070,Electronics,BrandB,43658,2021-01-11
PROD0071,Electronics,BrandA,13946,2023-04-11
PROD0072,Electronics,BrandE,22357,2023-07-16
PROD0073,Electronics,BrandE,28113,2022-12-14
PROD0074,Electronics,BrandE,37582,2024-01-13
PROD0075,Electronics,BrandA,22975,2020-05-13
PROD0076,Electronics,BrandC,24817,2024-01-12
PROD0077,Electronics,BrandA,11508,2021-05-19
PROD0078,Electronics,BrandB,35707,2023-02-22
PROD0079,Electronics,BrandD,36381,2024-01-13
PROD0080,Electronics,BrandB,27426,2021-05-11
PROD0081,Electronics,BrandB,13701,2020-01-16
PROD0082,Electronics,BrandD,1235,2021-12-26
PROD0083,Electronics,BrandE,22841,2023-12-29
PROD0084,Electronics,BrandA,12013,2023-11-17
PROD0085,Electronics,BrandC,10201,2021-01-14
PROD0086,Electronics,BrandB,18731,2022-07-20
PROD0087,Electronics,BrandB,6648,2024-01-31
PROD0088,Electronics,BrandC,37384,2022-10-22
PROD0089,Electronics,BrandA,36970,2023-03-06
PROD0090,Electronics,BrandB,49085,2021-12-27
PROD0091,Electronics,BrandC,27315,2020-10-20
PROD0092,Electronics,BrandB,37379,2022-11-16
PROD0093,Electronics,BrandE,19315,2022-08-04
PROD0094,Electronics,BrandE,25682,2021-02-28
PROD0095,Electronics,BrandB,14124,2022-11-23
PROD0096,Electronics,BrandB,11513,2020-07-30
PROD0097,Electronics,BrandE,16419,2022-05-20
PROD0098,Electronics,BrandB,19546,2023-11-23
PROD0099,Electronics,BrandA,45583,2021-10-13
PROD0100,Electronics,BrandA,40843,2022-03-14
PROD0101,Electronics,BrandD,32136,2023-10-31
PROD0102,Electronics,BrandA,12721,2022-11-13
PROD0103,Electronics,BrandB,10611,2021-10-26
PROD0104,Electronics,BrandB,20023,2023-10-14
PROD0105,Electronics,BrandC,10658,2023-05-18
PROD0106,Electronics,BrandA,32335,2021-03-26
PROD0107,Electronics,BrandE,626,2022-12-07
PROD0108,Electronics,BrandE,1853,2023-01-24
PROD0109,Electronics,BrandD,26348,2020-03-10
PROD0110,Electronics,BrandC,14756,2022-06-20
PROD0111,Electronics,BrandE,23366,2021-11-03
PROD0112,Electronics,BrandD,10320,2023-05-31
PROD0113,Electronics,BrandA,18138,2020-02-28
PROD0114,Electronics,BrandC,12841,2020-10-25
PROD0115,Electronics,BrandC,4941,2021-10-28
PROD0116,Electronics,BrandB,36909,2023-07-05
PROD0117,Electronics,BrandA,30675,2020-09-22
PROD0118,Electronics,BrandC,41833,2021-08-19
PROD0119,Electronics,BrandD,14518,2021-12-25
PROD0120,Electronics,BrandE,37285,2021-01-05
PROD0121,Electronics,BrandA,41845,2021-12-19
PROD0122,Electronics,BrandA,27981,2020-12-18
PROD0123,Electronics,BrandC,14687,2023-11-22
PROD0124,Electronics,BrandC,22368,2021-04-03
PROD0125,Electronics,BrandC,548,2021-12-18
PROD0126,Electronics,BrandD,37453,2023-04-19
PROD0127,Electronics,BrandB,45619,2023-03-10
PROD0128,Electronics,BrandC,8208,2023-06-06
PROD0129,Electronics,BrandB,48402,2024-01-25
PROD0130,Electronics,BrandB,11543,2020-08-18
PROD0131,Electronics,BrandA,22535,2020-07-09
PROD0132,Electronics,BrandE,33162,2022-01-10
PROD0133,Electronics,BrandE,1338,2024-01-01
PROD0134,Electronics,BrandD,15421,2022-09-17
PROD0135,Electronics,BrandD,16174,2022-06-27
PROD0136,Electronics,BrandE,13149,2022-08-01
PROD0137,Electronics,BrandE,35684,2023-09-16
PROD0138,Electronics,BrandA,1198,2020-08-31
PROD0139,Electronics,BrandA,14779,2020-07-25
PROD0140,Electronics,BrandE,34605,2021-04-08
PROD0141,Electronics,BrandC,35633,2023-09-21
PROD0142,Electronics,BrandC,47098,2021-01-18
PROD0143,Electronics,BrandA,11534,2022-06-16
PROD0144,Electronics,BrandB,44959,2022-10-05
PROD0145,Electronics,BrandE,33278,2020-09-18
PROD0146,Electronics,BrandD,27675,2021-06-03
PROD0147,Electronics,BrandC,19429,2021-07-17
PROD0148,Electronics,BrandB,37654,2023-07-17
PROD0149,Electronics,BrandC,41937,2022-09-13
PROD0150,Electronics,BrandB,18593,2022-07-23
PROD0151,Electronics,BrandE,21930,2021-06-03
PROD0152,Electronics,BrandE,38703,2020-02-26
PROD0153,Electronics,BrandE,34854,2020-07-01
PROD0154,Electronics,BrandA,8226,2023-11-29
PROD0155,Electronics,BrandB,41938,2022-08-19
PROD0156,Electronics,BrandD,40168,2023-01-28
PROD0157,Electronics,BrandD,22193,2020-06-28
PROD0158,Electronics,BrandE,48416,2021-03-22
PROD0159,Electronics,BrandD,35271,2020-01-12
PROD0160,Electronics,BrandC,8362,2023-09-29
PROD0161,Electronics,BrandB,43370,2022-04-23
PROD0162,Electronics,BrandB,20885,2023-01-17
PROD0163,Electronics,BrandB,39569,2020-11-16
PROD0164,Electronics,BrandC,3395,2020-11-16
PROD0165,Electronics,BrandA,15787,2020-01-17
PROD0166,Electronics,BrandC,45743,2022-03-06
PROD0167,Electronics,BrandB,2221,2022-09-24
PROD0168,Electronics,BrandB,3682,2020-09-12
PROD0169,Electronics,BrandB,47345,2020-11-02
PROD0170,Electronics,BrandD,30380,2021-10-18
PROD0171,Electronics,BrandA,42689,2020-08-24
PROD0172,Electronics,BrandC,38568,2022-10-15
PROD0173,Electronics,BrandB,40100,2020-07-09
PROD0174,Electronics,BrandE,37156,2020-05-29
PROD0175,Electronics,BrandA,31772,2021-05-25
PROD0176,Electronics,BrandE,1185,2022-05-11
PROD0177,Electronics,BrandA,15991,2023-12-11
PROD0178,Electronics,BrandB,15700,2020-01-01
PROD0179,Electronics,BrandA,32558,2020-05-03
PROD0180,Electronics,BrandA,8745,2022-12-26
PROD0181,Electronics,BrandB,41678,2022-08-16
PROD0182,Electronics,BrandE,41696,2023-05-25
PROD0183,Electronics,BrandE,4974,2023-04-04
PROD0184,Electronics,BrandD,13867,2022-05-13
PROD0185,Electronics,BrandE,26925,2021-07-02
PROD0186,Electronics,BrandE,11013,2020-12-31
PROD0187,Electronics,BrandA,16315,2022-08-04
PROD0188,Electronics,BrandD,18833,2021-08-27
PROD0189,Electronics,BrandB,14432,2023-12-27
PROD0190,Electronics,BrandB,4532,2022-01-30
PROD0191,Electronics,BrandC,22659,2020-07-28
PROD0192,Electronics,BrandD,26670,2021-06-15
PROD0193,Electronics,BrandA,40133,2023-02-22
PROD0194,Electronics,BrandC,6203,2021-05-03
PROD0195,Electronics,BrandC,43880,2023-11-08
PROD0196,Electronics,BrandB,16000,2020-09-18
PROD0197,Electronics,BrandE,2131,2022-09-16
PROD0198,Electronics,BrandA,17733,2022-07-31
PROD0199,Electronics,BrandD,23292,2022-02-28
PROD0200,Electronics,BrandC,20040,2022-10-31
PROD0201,Electronics,BrandA,41387,2021-06-08
PROD0202,Electronics,BrandB,9088,2023-04-06
PROD0203,Electronics,BrandC,38167,2020-03-12
PROD0204,Electronics,BrandC,13052,2021-05-24
PROD0205,Electronics,BrandB,27469,2022-05-13
PROD0206,Electronics,BrandB,35962,2023-08-31
PROD0207,Electronics,BrandB,3077,2021-10-23
PROD0208,Electronics,BrandA,38593,2023-05-02
PROD0209,Electronics,BrandA,1368,2021-08-21
PROD0210,Electronics,BrandA,49029,2023-08-23
PROD0211,Electronics,BrandE,16856,2023-05-06
PROD0212,Electronics,BrandC,20864,2021-06-28
PROD0213,Electronics,BrandA,40485,2022-07-04
PROD0214,Electronics,BrandE,15132,2021-05-31
PROD0215,Electronics,BrandC,29578,2022-12-17
PROD0216,Electronics,BrandA,45802,2022-08-18
PROD0217,Electronics,BrandB,11985,2023-01-01
PROD0218,Electronics,BrandD,9896,2020-05-11
PROD0219,Electronics,BrandA,39147,2023-06-22
PROD0220,Electronics,BrandD,32963,2023-01-01
PROD0221,Electronics,BrandA,15578,2022-08-31
PROD0222,Electronics,BrandB,32217,2021-08-29
PROD0223,Electronics,BrandD,20853,2022-08-23
PROD0224,Electronics,BrandE,20425,2022-11-21
PROD0225,Electronics,BrandB,7121,2023-12-19
PROD0226,Electronics,BrandD,15285,2020-12-08
PROD0227,Electronics,BrandD,5968,2020-09-10
PROD0228,Electronics,BrandB,13171,2020-08-26
PROD0229,Electronics,BrandB,8141,2022-07-09
PROD0230,Electronics,BrandB,16615,2020-08-14
PROD0231,Electronics,BrandC,44175,2021-06-28
PROD0232,Electronics,BrandE,40158,2021-11-22
PROD0233,Electronics,BrandA,48363,2020-12-21
PROD0234,Electronics,BrandD,26066,2021-09-16
PROD0235,Electronics,BrandA,39384,2021-05-18
PROD0236,Electronics,BrandB,42209,2023-12-21
PROD0237,Electronics,BrandE,44570,2022-11-28
PROD0238,Electronics,BrandE,22390,2020-03-16
PROD0239,Electronics,BrandC,30802,2021-12-21
PROD0240,Electronics,BrandB,28323,2020-05-11
PROD0241,Electronics,BrandD,33675,2023-09-05
PROD0242,Electronics,BrandC,45899,2021-08-22
PROD0243,Electronics,BrandB,49302,2020-06-25
PROD0244,Electronics,BrandC,44268,2023-02-17
PROD0245,Electronics,BrandA,21761,2021-10-26
PROD0246,Electronics,BrandB,16539,2021-09-08
PROD0247,Electronics,BrandD,36532,2023-11-05
PROD0248,Electronics,BrandD,33611,2020-05-20
PROD0249,Electronics,BrandB,31247,2021-09-08
PROD0250,Electronics,BrandC,29214,2022-01-10
PROD0251,Electronics,BrandE,6130,2023-08-19
PROD0252,Electronics,BrandB,24615,2023-02-04
PROD0253,Electronics,BrandD,47529,2020-05-29
PROD0254,Electronics,BrandA,47843,2023-12-05
PROD0255,Electronics,BrandD,30433,2023-12-21
PROD0256,Electronics,BrandE,179,2023-01-13
PROD0257,Electronics,BrandD,47677,2020-03-11
PROD0258,Electronics,BrandE,29148,2020-04-17
PROD0259,Electronics,BrandB,45000,2021-01-01
PROD0260,Electronics,BrandD,3066,2020-09-21
PROD0261,Electronics,BrandC,48402,2022-10-15
PROD0262,Electronics,BrandC,3828,2022-09-15
PROD0263,Electronics,BrandD,37404,2021-03-08
PROD0264,Electronics,BrandD,49377,2022-11-01
PROD0265,Electronics,BrandA,38681,2021-08-25
PROD0266,Electronics,BrandD,24894,2021-05-14
PROD0267,Electronics,BrandA,1047,2021-08-31
PROD0268,Electronics,BrandA,12665,2023-07-03
PROD0269,Electronics,BrandA,15944,2024-01-23
PROD0270,Electronics,BrandA,694,2023-04-08
PROD0271,Electronics,BrandB,21514,2022-06-25
PROD0272,Electronics,BrandC,30790,2022-08-09
PROD0273,Electronics,BrandA,16624,2023-10-10
PROD0274,Electronics,BrandC,27569,2020-10-08
PROD0275,Electronics,BrandA,19539,2021-07-29
PROD0276,Electronics,BrandC,26306,2022-04-30
PROD0277,Electronics,BrandD,46885,2023-05-12
PROD0278,Electronics,BrandD,37073,2021-11-29
PROD0279,Electronics,BrandC,21655,2022-02-08
PROD0280,Electronics,BrandA,7882,2022-03-14
PROD0281,Electronics,BrandB,2760,2021-01-26
PROD0282,Electronics,BrandC,48881,2023-01-28
PROD0283,Electronics,BrandE,39724,2022-12-15
PROD0284,Electronics,BrandB,6189,2023-04-21
PROD0285,Electronics,BrandE,5418,2022-07-06
PROD0286,Electronics,BrandC,26705,2021-04-13
PROD0287,Electronics,BrandA,29500,2021-11-06
PROD0288,Electronics,BrandE,15505,2021-12-17
PROD0289,Electronics,BrandC,30309,2021-03-10
PROD0290,Electronics,BrandB,8162,2023-03-19
PROD0291,Electronics,BrandA,17524,2021-09-11
PROD0292,Electronics,BrandE,41374,2023-07-17
PROD0293,Electronics,BrandC,24087,2022-03-25
PROD0294,Electronics,BrandA,44519,2020-08-18
PROD0295,Electronics,BrandA,20656,2023-10-29
PROD0296,Electronics,BrandD,27701,2021-06-15
PROD0297,Electronics,BrandA,19430,2020-01-12
PROD0298,Electronics,BrandC,15830,2023-09-26
PROD0299,Electronics,BrandB,3336,2023-11-01
PROD0300,Electronics,BrandD,3780,2023-08-15
PROD0301,Electronics,BrandC,30412,2021-08-16
PROD0302,Electronics,BrandC,48251,2022-05-07
PROD0303,Electronics,BrandC,21291,2022-03-27
PROD0304,Electronics,BrandE,44166,2022-12-11
PROD0305,Electronics,BrandE,18021,2021-09-19
PROD0306,Electronics,BrandB,36740,2021-03-11
PROD0307,Electronics,BrandC,34735,2022-02-17
PROD0308,Electronics,BrandE,48688,2020-08-15
PROD0309,Electronics,BrandE,36788,2023-03-31
PROD0310,Electronics,BrandE,5793,2021-12-30
PROD0311,Electronics,BrandB,20366,2021-06-05
PROD0312,Electronics,BrandB,43816,2022-11-25
PROD0313,Electronics,BrandC,26588,2021-07-24
PROD0314,Electronics,BrandD,24222,2020-02-04
PROD0315,Electronics,BrandC,41324,2022-12-28
PROD0316,Electronics,BrandE,29104,2023-03-17
PROD0317,Electronics,BrandE,6431,2022-12-10
PROD0318,Electronics,BrandA,21666,2023-02-04
PROD0319,Electronics,BrandC,45975,2020-01-03
PROD0320,Electronics,BrandE,42362,2023-01-24
PROD0321,Electronics,BrandE,46721,2022-02-04
PROD0322,Electronics,BrandD,42254,2020-10-04
PROD0323,Electronics,BrandA,40999,2023-03-14
PROD0324,Electronics,BrandC,44664,2022-05-13
PROD0325,Electronics,BrandB,20878,2021-09-13
PROD0326,Electronics,BrandC,34026,2023-12-01
PROD0327,Electronics,BrandC,20851,2020-05-09
PROD0328,Electronics,BrandD,17628,2020-10-21
PROD0329,Electronics,BrandC,168,2023-12-28
PROD0330,Electronics,BrandD,3817,2021-03-02
PROD0331,Electronics,BrandD,15318,2022-06-07
PROD0332,Electronics,BrandE,44068,2022-10-15
PROD0333,Electronics,BrandB,25502,2023-02-03
PROD0334,Electronics,BrandD,48723,2022-11-19
PROD0335,Electronics,BrandA,31743,2020-10-24
PROD0336,Electronics,BrandA,42229,2020-03-02
PROD0337,Electronics,BrandB,48560,2023-05-14
PROD0338,Electronics,BrandD,29252,2022-10-15
PROD0339,Electronics,BrandB,11626,2022-01-23
PROD0340,Electronics,BrandE,27016,2022-09-29
PROD0341,Electronics,BrandA,43075,2023-06-26
PROD0342,Electronics,BrandC,26128,2021-03-27
PROD0343,Electronics,BrandA,26809,2023-02-27
PROD0344,Electronics,BrandD,42099,2022-07-18
PROD0345,Electronics,BrandB,15163,2024-01-20
PROD0346,Electronics,BrandA,4823,2020-09-11
PROD0347,Electronics,BrandC,4313,2020-07-19
PROD0348,Electronics,BrandC,22897,2024-01-12
PROD0349,Electronics,BrandB,36334,2020-07-15
PROD0350,Electronics,BrandB,19510,2020-05-22
PROD0351,Electronics,BrandA,23482,2022-09-07
PROD0352,Electronics,BrandD,45317,2023-10-12
PROD0353,Electronics,BrandE,2847,2022-09-21
PROD0354,Electronics,BrandC,23755,2021-09-16
PROD0355,Electronics,BrandB,30448,2020-06-16
PROD0356,Electronics,BrandE,12554,2021-02-28
PROD0357,Electronics,BrandE,12687,2022-05-09
PROD0358,Electronics,BrandE,22655,2020-08-01
PROD0359,Electronics,BrandD,28171,2020-06-12
PROD0360,Electronics,BrandB,20339,2023-04-07
PROD0361,Electronics,BrandC,31702,2020-05-27
PROD0362,Electronics,BrandB,49251,2022-04-07
PROD0363,Electronics,BrandA,2303,2022-12-06
PROD0364,Electronics,BrandC,13735,2020-05-10
PROD0365,Electronics,BrandB,1244,2021-12-29
PROD0366,Electronics,BrandC,32799,2021-08-25
PROD0367,Electronics,BrandA,19183,2021-01-01
PROD0368,Electronics,BrandC,26227,2021-04-06
PROD0369,Electronics,BrandE,12313,2020-01-30
PROD0370,Electronics,BrandD,17044,2021-06-06
PROD0371,Electronics,BrandA,1287,2023-05-09
PROD0372,Electronics,BrandC,3233,2023-03-03
PROD0373,Electronics,BrandA,3511,2022-07-17
PROD0374,Electronics,BrandE,34557,2020-02-24
PROD0375,Electronics,BrandD,37275,2022-07-28
PROD0376,Electronics,BrandA,35291,2020-09-27
PROD0377,Electronics,BrandE,6828,2022-11-07
PROD0378,Electronics,BrandE,33844,2022-06-30
PROD0379,Electronics,BrandE,22981,2023-11-02
PROD0380,Electronics,BrandC,12901,2022-09-08
PROD0381,Electronics,BrandB,10648,2020-08-18
PROD0382,Electronics,BrandA,32986,2023-04-20
PROD0383,Electronics,BrandB,34410,2021-08-07
PROD0384,Electronics,BrandE,19527,2024-01-29
PROD0385,Electronics,BrandB,1072,2022-10-18
PROD0386,Electronics,BrandE,33783,2021-04-23
PROD0387,Electronics,BrandE,6721,2020-08-04
PROD0388,Electronics,BrandD,26113,2021-01-08
PROD0389,Electronics,BrandD,49838,2021-04-09
PROD0390,Electronics,BrandB,14630,2022-06-14
PROD0391,Electronics,BrandA,7454,2023-02-09
PROD0392,Electronics,BrandB,46629,2020-12-01
PROD0393,Electronics,BrandA,37459,2022-06-27
PROD0394,Electronics,BrandB,23323,2020-06-11
PROD0395,Electronics,BrandC,41332,2021-05-30
PROD0396,Electronics,BrandC,12650,2021-09-12
PROD0397,Electronics,BrandA,22760,2021-12-16
PROD0398,Electronics,BrandD,31129,2022-06-02
PROD0399,Electronics,BrandA,30368,2022-08-28
PROD0400,Electronics,BrandB,47219,2023-05-21
PROD0401,Electronics,BrandE,26440,2021-03-14
PROD0402,Electronics,BrandC,4390,2020-05-14
PROD0403,Electronics,BrandE,30238,2023-04-21
PROD0404,Electronics,BrandC,6546,2023-06-17
PROD0405,Electronics,BrandB,13532,2020-01-17
PROD0406,Electronics,BrandC,1622,2021-01-14
PROD0407,Electronics,BrandA,33429,2021-02-10
PROD0408,Electronics,BrandE,3640,2021-01-15
PROD0409,Electronics,BrandE,12428,2020-08-23
PROD0410,Electronics,BrandB,34347,2022-10-31
PROD0411,Electronics,BrandE,6777,2023-09-08
PROD0412,Electronics,BrandB,41716,2022-05-05
PROD0413,Electronics,BrandD,49841,2023-07-09
PROD0414,Electronics,BrandA,26047,2022-09-12
PROD0415,Electronics,BrandC,45634,2022-04-05
PROD0416,Electronics,BrandC,13620,2022-12-21
PROD0417,Electronics,BrandC,44811,2022-04-02
PROD0418,Electronics,BrandD,22905,2022-05-06
PROD0419,Electronics,BrandA,30544,2022-03-13
PROD0420,Electronics,BrandE,20243,2022-12-25
PROD0421,Electronics,BrandE,10392,2023-04-25
PROD0422,Electronics,BrandA,42944,2023-03-26
PROD0423,Electronics,BrandA,16117,2023-09-19
PROD0424,Electronics,BrandC,25423,2020-04-10
PROD0425,Electronics,BrandE,41523,2022-02-18
PROD0426,Electronics,BrandA,41813,2022-04-09
PROD0427,Electronics,BrandE,22420,2022-11-27
PROD0428,Electronics,BrandA,8874,2020-11-24
PROD0429,Electronics,BrandB,2305,2022-05-03
PROD0430,Electronics,BrandC,12442,2022-08-28
PROD0431,Electronics,BrandA,4127,2023-01-31
PROD0432,Electronics,BrandD,16427,2023-05-03
PROD0433,Electronics,BrandA,21300,2021-02-09
PROD0434,Electronics,BrandB,7288,2023-12-31
PROD0435,Electronics,BrandD,2908,2020-11-09
PROD0436,Electronics,BrandD,13951,2021-07-09
PROD0437,Electronics,BrandA,15454,2022-11-13
PROD0438,Electronics,BrandB,15158,2023-10-27
PROD0439,Electronics,BrandD,14720,2020-08-24
PROD0440,Electronics,BrandC,31330,2022-05-18
PROD0441,Electronics,BrandC,36781,2022-03-01
PROD0442,Electronics,BrandE,17903,2020-04-16
PROD0443,Electronics,BrandE,2267,2022-07-01
PROD0444,Electronics,BrandB,2244,2023-08-27
PROD0445,Electronics,BrandD,2267,2020-09-05
PROD0446,Electronics,BrandC,42620,2021-12-26
PROD0447,Electronics,BrandC,42236,2020-01-04
PROD0448,Electronics,BrandB,25944,2023-10-27
PROD0449,Electronics,BrandD,28263,2021-09-05
PROD0450,Electronics,BrandB,23020,2021-07-12
PROD0451,Electronics,BrandA,17650,2022-04-14
PROD0452,Electronics,BrandC,36443,2023-01-28
PROD0453,Electronics,BrandB,18354,2021-11-01
PROD0454,Electronics,BrandB,49411,2023-11-04
PROD0455,Electronics,BrandA,40111,2022-05-24
PROD0456,Electronics,BrandE,20247,2023-10-07
PROD0457,Electronics,BrandC,13026,2022-04-18
PROD0458,Electronics,BrandB,33923,2023-03-18
PROD0459,Electronics,BrandC,49585,2021-11-30
PROD0460,Electronics,BrandE,24091,2022-10-30
PROD0461,Electronics,BrandB,41951,2023-08-25
PROD0462,Electronics,BrandA,27663,2020-11-18
PROD0463,Electronics,BrandC,30788,2023-09-30
PROD0464,Electronics,BrandA,29123,2020-06-07
PROD0465,Electronics,BrandE,34230,2022-11-12
PROD0466,Electronics,BrandE,1025,2023-07-24
PROD0467,Electronics,BrandC,16421,2021-06-26
PROD0468,Electronics,BrandE,10869,2023-02-02
PROD0469,Electronics,BrandD,36848,2020-03-19
PROD0470,Electronics,BrandC,40128,2023-03-08
PROD0471,Electronics,BrandD,16251,2021-11-18
PROD0472,Electronics,BrandE,10697,2022-05-16
PROD0473,Electronics,BrandC,34287,2022-04-30
PROD0474,Electronics,BrandD,43935,2022-09-22
PROD0475,Electronics,BrandE,159,2023-06-22
PROD0476,Electronics,BrandB,35392,2020-01-27
PROD0477,Electronics,BrandB,20281,2024-01-06
PROD0478,Electronics,BrandA,27335,2020-06-03
PROD0479,Electronics,BrandB,28772,2022-08-17
PROD0480,Electronics,BrandD,1678,2023-04-02
PROD0481,Electronics,BrandB,45466,2023-11-24
PROD0482,Electronics,BrandC,47395,2020-04-13
PROD0483,Electronics,BrandC,16147,2023-06-07
PROD0484,Electronics,BrandC,32260,2021-04-26
PROD0485,Electronics,BrandB,33575,2022-07-19
PROD0486,Electronics,BrandB,24649,2020-09-22
PROD0487,Electronics,BrandA,5377,2023-12-10
PROD0488,Electronics,BrandE,1880,2021-01-29
PROD0489,Electronics,BrandA,46679,2020-09-25
PROD0490,Electronics,BrandD,46013,2020-11-22
PROD0491,Electronics,BrandC,14762,2023-06-13
PROD0492,Electronics,BrandB,31616,2022-02-07
PROD0493,Electronics,BrandE,32261,2020-06-11
PROD0494,Electronics,BrandE,44599,2021-12-01
PROD0495,Electronics,BrandB,31986,2022-04-16
PROD0496,Electronics,BrandA,8900,2023-01-28
PROD0497,Electronics,BrandE,49560,2021-12-30
PROD0498,Electronics,BrandA,5539,2020-04-23
PROD0499,Electronics,BrandB,4407,2020-05-11
PROD0500,Electronics,BrandA,2464,2020-10-05
PROD0501,Electronics,BrandC,16668,2020-10-13
PROD0502,Electronics,BrandB,38192,2023-04-10
PROD0503,Electronics,BrandB,5583,2023-12-02
PROD0504,Electronics,BrandE,345,2022-03-27
PROD0505,Electronics,BrandE,8530,2021-03-04
PROD0506,Electronics,BrandE,8283,2021-07-10
PROD0507,Electronics,BrandC,38792,2022-12-14
PROD0508,Electronics,BrandC,30186,2022-10-20
PROD0509,Electronics,BrandD,49771,2020-08-12
PROD0510,Electronics,BrandB,32826,2022-05-04
PROD0511,Electronics,BrandE,14001,2020-07-06
PROD0512,Electronics,BrandB,4007,2023-03-26
PROD0513,Electronics,BrandA,33144,2020-07-02
PROD0514,Electronics,BrandC,28704,2021-02-09
PROD0515,Electronics,BrandD,37969,2023-09-14
PROD0516,Electronics,BrandA,14637,2023-05-06
PROD0517,Electronics,BrandB,12601,2020-09-15
PROD0518,Electronics,BrandC,37471,2021-01-11
PROD0519,Electronics,BrandE,49203,2021-10-01
PROD0520,Electronics,BrandA,46254,2021-06-11
PROD0521,Electronics,BrandC,36921,2023-08-24
PROD0522,Electronics,BrandB,23296,2022-11-24
PROD0523,Electronics,BrandB,6173,2020-10-10
PROD0524,Electronics,BrandA,49393,2023-10-15
PROD0525,Electronics,BrandA,10661,2023-10-02
PROD0526,Electronics,BrandA,18201,2021-10-14
PROD0527,Electronics,BrandD,45616,2021-09-24
PROD0528,Electronics,BrandE,31526,2020-01-14
PROD0529,Electronics,BrandC,29441,2022-02-24
PROD0530,Electronics,BrandB,7413,2022-05-21
PROD0531,Electronics,BrandB,30873,2020-09-18
PROD0532,Electronics,BrandE,28103,2022-01-05
PROD0533,Electronics,BrandA,26520,2022-07-19
PROD0534,Electronics,BrandA,5814,2022-08-09
PROD0535,Electronics,BrandB,49651,2022-03-11
PROD0536,Electronics,BrandE,27239,2023-07-22
PROD0537,Electronics,BrandB,26198,2023-12-24
PROD0538,Electronics,BrandA,42394,2022-08-10
PROD0539,Electronics,BrandC,13682,2023-03-18
PROD0540,Electronics,BrandA,43683,2023-05-26
PROD0541,Electronics,BrandC,13860,2021-12-09
PROD0542,Electronics,BrandD,6355,2023-01-13
PROD0543,Electronics,BrandE,16722,2021-03-05
PROD0544,Electronics,BrandD,36083,2023-06-17
PROD0545,Electronics,BrandA,40409,2022-02-20
PROD0546,Electronics,BrandE,29815,2022-10-20
PROD0547,Electronics,BrandA,36515,2020-09-15
PROD0548,Electronics,BrandE,21892,2022-10-21
PROD0549,Electronics,BrandE,42676,2022-06-02
PROD0550,Electronics,BrandA,22824,2020-03-31
PROD0551,Electronics,BrandA,3752,2023-10-01
PROD0552,Electronics,BrandE,26397,2021-06-04
PROD0553,Electronics,BrandE,32522,2023-05-21
PROD0554,Electronics,BrandA,14128,2022-05-14
PROD0555,Electronics,BrandA,13903,2021-09-25
PROD0556,Electronics,BrandB,6407,2021-02-19
PROD0557,Electronics,BrandB,31425,2020-04-12
PROD0558,Electronics,BrandB,31674,2022-11-13
PROD0559,Electronics,BrandD,19362,2020-11-08
PROD0560,Electronics,BrandE,1635,2020-11-16
PROD0561,Electronics,BrandC,15032,2021-02-11
PROD0562,Electronics,BrandD,15849,2022-02-20
PROD0563,Electronics,BrandE,8827,2023-02-17
PROD0564,Electronics,BrandC,17432,2023-11-24
PROD0565,Electronics,BrandB,29634,2022-02-22
PROD0566,Electronics,BrandC,10934,2021-01-14
PROD0567,Electronics,BrandA,20425,2020-05-25
PROD0568,Electronics,BrandA,9313,2021-07-23
PROD0569,Electronics,BrandE,48305,2023-07-25
PROD0570,Electronics,BrandD,1503,2022-12-16
PROD0571,Electronics,BrandB,7606,2022-06-12
PROD0572,Electronics,BrandE,29759,2020-02-22
PROD0573,Electronics,BrandB,7691,2023-06-18
PROD0574,Electronics,BrandA,13096,2022-12-17
PROD0575,Electronics,BrandD,37928,2020-02-27
PROD0576,Electronics,BrandD,47930,2023-06-27
PROD0577,Electronics,BrandA,34470,2021-01-20
PROD0578,Electronics,BrandC,13572,2023-05-19
PROD0579,Electronics,BrandD,29198,2021-12-10
PROD0580,Electronics,BrandC,2296,2020-10-18
PROD0581,Electronics,BrandB,11191,2022-05-30
PROD0582,Electronics,BrandD,15140,2023-02-18
PROD0583,Electronics,BrandA,49362,2021-02-18
PROD0584,Electronics,BrandC,48884,2022-12-29
PROD0585,Electronics,BrandB,6123,2023-12-16
PROD0586,Electronics,BrandB,20643,2020-03-13
PROD0587,Electronics,BrandD,28477,2022-12-24
PROD0588,Electronics,BrandD,36735,2023-10-02
PROD0589,Electronics,BrandE,42437,2022-02-07
PROD0590,Electronics,BrandE,40509,2022-04-13
PROD0591,Electronics,BrandD,5104,2021-08-12
PROD0592,Electronics,BrandE,10063,2021-05-24
PROD0593,Electronics,BrandA,13896,2021-05-28
PROD0594,Electronics,BrandA,41072,2021-02-14
PROD0595,Electronics,BrandE,7177,2020-05-12
PROD0596,Electronics,BrandD,29948,2022-05-07
PROD0597,Electronics,BrandA,12626,2020-08-13
PROD0598,Electronics,BrandB,3361,2020-02-14
PROD0599,Electronics,BrandD,17146,2022-10-31
PROD0600,Electronics,BrandC,13497,2020-02-01
PROD0601,Fashion,BrandC,25369,2020-03-23
PROD0602,Fashion,BrandD,36258,2021-04-04
PROD0603,Fashion,BrandE,25857,2022-10-30
PROD0604,Fashion,BrandA,15399,2022-02-28
PROD0605,Fashion,BrandA,2002,2021-05-28
PROD0606,Fashion,BrandD,49580,2021-04-16
PROD0607,Fashion,BrandB,42499,2020-03-21
PROD0608,Fashion,BrandE,48430,2023-03-25
PROD0609,Fashion,BrandB,46408,2023-06-14
PROD0610,Fashion,BrandD,3946,2021-06-11
PROD0611,Fashion,BrandD,12459,2022-05-13
PROD0612,Fashion,BrandB,49476,2022-09-20
PROD0613,Fashion,BrandC,2620,2023-12-25
PROD0614,Fashion,BrandD,40932,2021-05-14
PROD0615,Fashion,BrandE,20198,2020-07-19
PROD0616,Fashion,BrandB,39551,2022-02-21
PROD0617,Fashion,BrandC,23236,2024-01-21
PROD0618,Fashion,BrandB,35985,2020-09-13
PROD0619,Fashion,BrandC,30820,2022-09-01
PROD0620,Fashion,BrandC,21257,2023-03-11
PROD0621,Fashion,BrandE,48472,2021-12-29
PROD0622,Fashion,BrandD,19774,2022-02-14
PROD0623,Fashion,BrandC,32457,2020-07-31
PROD0624,Fashion,BrandD,12678,2022-01-22
PROD0625,Fashion,BrandE,2351,2022-01-12
PROD0626,Fashion,BrandD,13613,2023-02-24
PROD0627,Fashion,BrandA,37529,2020-07-28
PROD0628,Fashion,BrandC,27205,2021-12-13
PROD0629,Fashion,BrandE,46971,2021-05-06
PROD0630,Fashion,BrandB,21090,2023-01-30
PROD0631,Fashion,BrandE,25599,2020-10-29
PROD0632,Fashion,BrandC,6521,2022-06-22
PROD0633,Fashion,BrandE,24691,2021-05-04
PROD0634,Fashion,BrandB,27079,2021-12-23
PROD0635,Fashion,BrandA,20935,2021-01-19
PROD0636,Fashion,BrandC,37793,2023-03-31
PROD0637,Fashion,BrandC,12302,2021-06-18
PROD0638,Fashion,BrandE,35514,2023-06-17
PROD0639,Fashion,BrandD,25766,2023-06-27
PROD0640,Fashion,BrandD,19390,2023-01-30
PROD0641,Fashion,BrandB,18230,2020-04-16
PROD0642,Fashion,BrandA,37177,2020-05-05
PROD0643,Fashion,BrandA,49700,2023-03-20
PROD0644,Fashion,BrandE,19496,2023-06-11
PROD0645,Fashion,BrandE,18052,2020-04-07
PROD0646,Fashion,BrandD,27222,2023-12-24
PROD0647,Fashion,BrandA,29481,2021-12-04
PROD0648,Fashion,BrandA,45535,2021-01-16
PROD0649,Fashion,BrandA,40178,2021-08-28
PROD0650,Fashion,BrandB,23367,2022-05-07
PROD0651,Fashion,BrandB,47835,2020-11-28
PROD0652,Fashion,BrandE,42107,2020-10-29
PROD0653,Fashion,BrandD,7188,2020-05-12
PROD0654,Fashion,BrandC,31918,2023-05-09
PROD0655,Fashion,BrandD,12922,2020-04-09
PROD0656,Fashion,BrandB,36689,2020-09-09
PROD0657,Fashion,BrandB,1536,2020-11-04
PROD0658,Fashion,BrandE,45765,2021-03-12
PROD0659,Fashion,BrandC,27381,2021-02-07
PROD0660,Fashion,BrandA,22581,2021-04-20
PROD0661,Fashion,BrandC,30569,2023-12-15
PROD0662,Fashion,BrandC,18967,2022-02-04
PROD0663,Fashion,BrandC,40587,2021-11-03
PROD0664,Fashion,BrandE,22866,2023-11-22
PROD0665,Fashion,BrandB,29837,2020-07-02
PROD0666,Fashion,BrandA,21313,2021-07-29
PROD0667,Fashion,BrandC,28455,2021-12-25
PROD0668,Fashion,BrandA,22637,2022-08-02
PROD0669,Fashion,BrandC,2894,2020-03-29
PROD0670,Fashion,BrandB,44396,2022-10-28
PROD0671,Fashion,BrandA,32424,2023-06-05
PROD0672,Fashion,BrandD,30958,2023-01-06
PROD0673,Fashion,BrandB,42950,2022-05-03
PROD0674,Fashion,BrandA,13118,2022-04-08
PROD0675,Fashion,BrandC,17581,2022-09-28
PROD0676,Fashion,BrandC,15684,2021-09-27
PROD0677,Fashion,BrandB,9950,2022-01-19
PROD0678,Fashion,BrandB,25801,2020-04-19
PROD0679,Fashion,BrandC,41323,2021-07-06
PROD0680,Fashion,BrandA,44052,2021-09-30
PROD0681,Fashion,BrandD,46075,2020-02-10
PROD0682,Fashion,BrandE,260,2023-01-02
PROD0683,Fashion,BrandB,25932,2022-06-09
PROD0684,Fashion,BrandC,31310,2022-08-23
PROD0685,Fashion,BrandA,22390,2020-04-23
PROD0686,Fashion,BrandB,29541,2020-05-03
PROD0687,Fashion,BrandA,24986,2023-11-15
PROD0688,Fashion,BrandB,32494,2020-05-14
PROD0689,Fashion,BrandC,8518,2020-08-03
PROD0690,Fashion,BrandA,7181,2020-03-05
PROD0691,Fashion,BrandC,37280,2020-03-12
PROD0692,Fashion,BrandA,10214,2023-03-29
PROD0693,Fashion,BrandB,18822,2022-12-17
PROD0694,Fashion,BrandE,22072,2020-02-07
PROD0695,Fashion,BrandE,18085,2024-01-30
PROD0696,Fashion,BrandD,5988,2023-12-12
PROD0697,Fashion,BrandD,3818,2021-10-30
PROD0698,Fashion,BrandC,32247,2020-02-18
PROD0699,Fashion,BrandA,43482,2023-01-19
PROD0700,Fashion,BrandD,18409,2021-01-31
PROD0701,Fashion,BrandB,19399,2021-05-01
PROD0702,Fashion,BrandE,41311,2020-07-06
PROD0703,Fashion,BrandA,22136,2020-09-21
PROD0704,Fashion,BrandE,19985,2020-10-29
PROD0705,Fashion,BrandA,29446,2024-01-18
PROD0706,Fashion,BrandD,48071,2020-07-25
PROD0707,Fashion,BrandD,49237,2021-03-18
PROD0708,Fashion,BrandC,26791,2022-11-29
PROD0709,Fashion,BrandA,40142,2020-05-03
PROD0710,Fashion,BrandB,48627,2022-12-06
PROD0711,Fashion,BrandD,18086,2020-10-30
PROD0712,Fashion,BrandC,27946,2020-05-04
PROD0713,Fashion,BrandD,49765,2022-05-10
PROD0714,Fashion,BrandE,47972,2020-05-15
PROD0715,Fashion,BrandD,41501,2023-04-21
PROD0716,Fashion,BrandA,8292,2023-11-15
PROD0717,Fashion,BrandC,39369,2020-04-27
PROD0718,Fashion,BrandA,38587,2022-12-21
PROD0719,Fashion,BrandB,9512,2021-06-09
PROD0720,Fashion,BrandB,16063,2022-05-02
PROD0721,Fashion,BrandD,33723,2020-03-30
PROD0722,Fashion,BrandC,1117,2020-04-18
PROD0723,Fashion,BrandC,5379,2023-03-02
PROD0724,Fashion,BrandC,10512,2021-05-08
PROD0725,Fashion,BrandC,7812,2023-03-12
PROD0726,Fashion,BrandD,15917,2021-08-02
PROD0727,Fashion,BrandA,28180,2023-10-14
PROD0728,Fashion,BrandD,6724,2022-09-25
PROD0729,Fashion,BrandA,29226,2022-03-29
PROD0730,Fashion,BrandE,16679,2022-11-21
PROD0731,Fashion,BrandE,15231,2020-01-03
PROD0732,Fashion,BrandA,37562,2024-01-31
PROD0733,Fashion,BrandD,46915,2023-02-20
PROD0734,Fashion,BrandB,37519,2023-08-27
PROD0735,Fashion,BrandD,23475,2020-12-22
PROD0736,Fashion,BrandB,26193,2023-02-06
PROD0737,Fashion,BrandD,45594,2020-04-22
PROD0738,Fashion,BrandC,32625,2022-12-13
PROD0739,Fashion,BrandC,29130,2021-09-17
PROD0740,Fashion,BrandE,44167,2023-04-13
PROD0741,Fashion,BrandE,5307,2020-02-07
PROD0742,Fashion,BrandA,10997,2022-04-19
PROD0743,Fashion,BrandB,26739,2022-10-15
PROD0744,Fashion,BrandC,2892,2021-08-17
PROD0745,Fashion,BrandD,520,2021-07-21
PROD0746,Fashion,BrandA,29324,2022-03-20
PROD0747,Fashion,BrandD,19298,2022-03-23
PROD0748,Fashion,BrandC,35708,2023-08-07
PROD0749,Fashion,BrandC,46305,2023-02-14
PROD0750,Fashion,BrandC,17515,2023-10-27
PROD0751,Fashion,BrandC,40507,2022-05-10
PROD0752,Fashion,BrandD,17975,2022-08-02
PROD0753,Fashion,BrandA,5075,2022-03-26
PROD0754,Fashion,BrandC,26561,2020-08-24
PROD0755,Fashion,BrandE,21431,2023-09-16
PROD0756,Fashion,BrandA,16993,2021-07-08
PROD0757,Fashion,BrandE,18343,2020-04-09
PROD0758,Fashion,BrandD,15635,2022-06-07
PROD0759,Fashion,BrandC,5161,2022-05-18
PROD0760,Fashion,BrandA,1958,2021-07-04
PROD0761,Fashion,BrandC,25589,2020-08-31
PROD0762,Fashion,BrandC,13778,2022-07-02
PROD0763,Fashion,BrandA,34933,2023-02-27
PROD0764,Fashion,BrandC,47259,2022-03-27
PROD0765,Fashion,BrandC,19450,2020-12-21
PROD0766,Fashion,BrandB,13446,2023-02-27
PROD0767,Fashion,BrandB,48105,2021-10-18
PROD0768,Fashion,BrandA,6873,2020-06-06
PROD0769,Fashion,BrandA,29565,2020-03-16
PROD0770,Fashion,BrandC,9888,2021-07-12
PROD0771,Fashion,BrandE,32443,2022-06-26
PROD0772,Fashion,BrandA,46962,2020-09-08
PROD0773,Fashion,BrandC,37310,2020-02-09
PROD0774,Fashion,BrandE,9347,2020-02-16
PROD0775,Fashion,BrandB,46063,2023-03-24
PROD0776,Fashion,BrandA,42083,2021-09-25
PROD0777,Fashion,BrandC,36072,2023-05-16
PROD0778,Fashion,BrandB,17059,2023-07-17
PROD0779,Fashion,BrandD,49450,2022-09-15
PROD0780,Fashion,BrandB,23907,2022-02-16
PROD0781,Fashion,BrandC,34233,2021-07-05
PROD0782,Fashion,BrandE,24318,2023-04-10
PROD0783,Fashion,BrandD,21834,2021-05-30
PROD0784,Fashion,BrandD,22928,2021-03-03
PROD0785,Fashion,BrandD,17500,2021-07-02
PROD0786,Fashion,BrandA,20102,2023-05-06
PROD0787,Fashion,BrandC,32893,2022-09-09
PROD0788,Fashion,BrandD,36592,2021-11-29
PROD0789,Fashion,BrandB,32317,2020-06-26
PROD0790,Fashion,BrandE,36326,2022-10-23
PROD0791,Fashion,BrandC,28032,2021-09-15
PROD0792,Fashion,BrandB,43427,2022-03-06
PROD0793,Fashion,BrandA,30975,2024-01-17
PROD0794,Fashion,BrandD,25146,2020-06-05
PROD0795,Fashion,BrandB,23764,2023-05-13
PROD0796,Fashion,BrandC,24553,2023-07-20
PROD0797,Fashion,BrandB,4846,2023-03-08
PROD0798,Fashion,BrandA,24073,2021-11-01
PROD0799,Fashion,BrandE,13317,2021-08-30
PROD0800,Fashion,BrandD,23462,2022-09-11
PROD0801,Fashion,BrandC,41935,2020-10-28
PROD0802,Fashion,BrandD,9233,2021-09-30
PROD0803,Fashion,BrandD,35909,2020-04-27
PROD0804,Fashion,BrandD,40633,2021-05-18
PROD0805,Fashion,BrandB,5504,2021-04-25
PROD0806,Fashion,BrandB,33439,2020-09-02
PROD0807,Fashion,BrandE,28825,2020-09-02
PROD0808,Fashion,BrandA,8896,2022-06-28
PROD0809,Fashion,BrandC,45480,2023-05-22
PROD0810,Fashion,BrandB,48173,2024-01-14
PROD0811,Fashion,BrandD,21464,2024-01-02
PROD0812,Fashion,BrandA,41441,2020-07-25
PROD0813,Fashion,BrandC,1336,2020-02-29
PROD0814,Fashion,BrandC,2480,2022-12-04
PROD0815,Fashion,BrandC,40045,2020-05-07
PROD0816,Fashion,BrandC,14638,2023-09-22
PROD0817,Fashion,BrandE,12071,2023-11-25
PROD0818,Fashion,BrandC,43165,2024-02-06
PROD0819,Fashion,BrandA,34385,2021-07-13
PROD0820,Fashion,BrandB,18017,2020-09-28
PROD0821,Fashion,BrandA,38755,2022-12-26
PROD0822,Fashion,BrandD,11586,2022-10-19
PROD0823,Fashion,BrandE,37510,2020-03-19
PROD0824,Fashion,BrandE,25546,2024-01-31
PROD0825,Fashion,BrandD,21803,2023-03-07
PROD0826,Fashion,BrandA,44291,2023-05-31
PROD0827,Fashion,BrandA,11499,2023-12-17
PROD0828,Fashion,BrandD,38929,2021-03-29
PROD0829,Fashion,BrandC,12785,2023-08-30
PROD0830,Fashion,BrandC,22341,2020-05-29
PROD0831,Fashion,BrandB,4587,2020-05-31
PROD0832,Fashion,BrandA,12118,2020-11-21
PROD0833,Fashion,BrandA,30925,2022-11-22
PROD0834,Fashion,BrandD,7850,2021-11-15
PROD0835,Fashion,BrandD,17784,2023-07-19
PROD0836,Fashion,BrandC,43218,2020-05-19
PROD0837,Fashion,BrandA,14510,2020-05-27
PROD0838,Fashion,BrandA,15205,2022-04-29
PROD0839,Fashion,BrandE,19013,2020-07-20
PROD0840,Fashion,BrandB,36128,2023-05-08
PROD0841,Fashion,BrandB,49615,2022-02-22
PROD0842,Fashion,BrandC,47442,2021-02-16
PROD0843,Fashion,BrandA,46580,2023-04-16
PROD0844,Fashion,BrandE,17811,2020-11-17
PROD0845,Fashion,BrandA,25067,2023-05-27
PROD0846,Fashion,BrandD,36123,2023-08-16
PROD0847,Fashion,BrandC,36105,2020-11-27
PROD0848,Fashion,BrandB,26722,2023-03-07
PROD0849,Fashion,BrandA,45301,2022-05-02
PROD0850,Fashion,BrandC,9597,2021-05-10
PROD0851,Fashion,BrandB,16450,2023-04-09
PROD0852,Fashion,BrandA,48809,2020-08-14
PROD0853,Fashion,BrandE,22796,2023-09-20
PROD0854,Fashion,BrandC,27570,2020-08-02
PROD0855,Fashion,BrandA,30989,2021-01-03
PROD0856,Fashion,BrandB,10324,2021-12-30
PROD0857,Fashion,BrandB,41824,2022-06-06
PROD0858,Fashion,BrandE,5565,2021-10-27
PROD0859,Fashion,BrandC,16982,2022-05-06
PROD0860,Fashion,BrandC,32303,2021-07-23
PROD0861,Fashion,BrandA,28044,2020-11-26
PROD0862,Fashion,BrandB,29937,2021-07-27
PROD0863,Fashion,BrandB,3044,2022-07-24
PROD0864,Fashion,BrandE,24436,2021-09-17
PROD0865,Fashion,BrandE,38724,2020-12-20
PROD0866,Fashion,BrandC,44864,2020-07-02
PROD0867,Fashion,BrandB,31896,2021-09-27
PROD0868,Fashion,BrandA,28889,2021-07-09
PROD0869,Fashion,BrandD,45520,2021-11-24
PROD0870,Fashion,BrandA,24322,2020-05-01
PROD0871,Fashion,BrandE,38945,2021-11-03
PROD0872,Fashion,BrandA,235,2022-09-14
PROD0873,Fashion,BrandB,15873,2020-04-09
PROD0874,Fashion,BrandC,42160,2022-04-21
PROD0875,Fashion,BrandD,26547,2021-01-12
PROD0876,Fashion,BrandC,4133,2022-05-30
PROD0877,Fashion,BrandD,20597,2024-01-04
PROD0878,Fashion,BrandD,14278,2020-08-02
PROD0879,Fashion,BrandB,6646,2020-06-21
PROD0880,Fashion,BrandB,8496,2020-02-10
PROD0881,Fashion,BrandE,21078,2021-11-03
PROD0882,Fashion,BrandE,43431,2023-03-21
PROD0883,Fashion,BrandD,12982,2022-01-07
PROD0884,Fashion,BrandE,17045,2021-12-31
PROD0885,Fashion,BrandB,21884,2020-06-11
PROD0886,Fashion,BrandE,3414,2023-04-30
PROD0887,Fashion,BrandD,18695,2021-05-11
PROD0888,Fashion,BrandC,18855,2022-07-28
PROD0889,Fashion,BrandA,32411,2021-08-13
PROD0890,Fashion,BrandE,45795,2021-12-17
PROD0891,Fashion,BrandB,30698,2023-01-27
PROD0892,Fashion,BrandC,35549,2020-06-26
PROD0893,Fashion,BrandB,35674,2022-01-03
PROD0894,Fashion,BrandE,44829,2023-04-24
PROD0895,Fashion,BrandD,18739,2020-02-17
PROD0896,Fashion,BrandA,45470,2022-04-01
PROD0897,Fashion,BrandA,31123,2021-06-07
PROD0898,Fashion,BrandC,9192,2024-02-04
PROD0899,Fashion,BrandA,6482,2021-09-29
PROD0900,Fashion,BrandD,42810,2022-09-02
PROD0901,Grocery,BrandB,3259,2022-02-05
PROD0902,Grocery,BrandD,5756,2024-02-08
PROD0903,Grocery,BrandC,1552,2020-10-19
PROD0904,Grocery,BrandC,42303,2022-03-03
PROD0905,Grocery,BrandA,18806,2023-06-10
PROD0906,Grocery,BrandD,9962,2021-01-16
PROD0907,Grocery,BrandB,10319,2020-02-11
PROD0908,Grocery,BrandD,23581,2020-12-27
PROD0909,Grocery,BrandB,34636,2021-10-04
PROD0910,Grocery,BrandB,6196,2023-12-29
PROD0911,Grocery,BrandD,38053,2022-10-15
PROD0912,Grocery,BrandE,11955,2021-04-21
PROD0913,Grocery,BrandD,43362,2022-08-09
PROD0914,Grocery,BrandB,14560,2023-08-09
PROD0915,Grocery,BrandC,34037,2022-01-18
PROD0916,Grocery,BrandC,21194,2022-11-29
PROD0917,Grocery,BrandA,39458,2021-12-28
PROD0918,Grocery,BrandC,49638,2022-04-05
PROD0919,Grocery,BrandE,28024,2020-10-22
PROD0920,Grocery,BrandB,17889,2022-03-13
PROD0921,Grocery,BrandD,223,2023-06-15
PROD0922,Grocery,BrandD,48494,2022-07-05
PROD0923,Grocery,BrandE,6009,2022-06-25
PROD0924,Grocery,BrandC,31954,2023-12-21
PROD0925,Grocery,BrandB,3996,2022-06-17
PROD0926,Grocery,BrandC,40934,2022-05-19
PROD0927,Grocery,BrandA,42241,2021-10-19
PROD0928,Grocery,BrandC,17211,2023-08-13
PROD0929,Grocery,BrandA,7139,2020-05-01
PROD0930,Grocery,BrandD,44944,2020-09-18
PROD0931,Grocery,BrandB,24199,2020-12-04
PROD0932,Grocery,BrandA,3770,2022-07-09
PROD0933,Grocery,BrandC,43435,2022-10-13
PROD0934,Grocery,BrandC,15129,2021-03-11
PROD0935,Grocery,BrandD,31911,2023-12-18
PROD0936,Grocery,BrandE,15893,2022-11-01
PROD0937,Grocery,BrandE,41418,2021-07-02
PROD0938,Grocery,BrandC,48206,2021-10-20
PROD0939,Grocery,BrandE,20226,2021-12-14
PROD0940,Grocery,BrandB,19328,2022-06-15
PROD0941,Grocery,BrandE,18695,2023-01-30
PROD0942,Grocery,BrandB,1072,2022-09-29
PROD0943,Grocery,BrandC,460,2022-11-14
PROD0944,Grocery,BrandC,2732,2020-10-28
PROD0945,Grocery,BrandC,36058,2022-11-07
PROD0946,Grocery,BrandD,37816,2021-04-25
PROD0947,Grocery,BrandE,15446,2023-07-03
PROD0948,Grocery,BrandA,48422,2023-04-28
PROD0949,Grocery,BrandA,18108,2020-03-05
PROD0950,Grocery,BrandC,12220,2022-06-12
PROD0951,Grocery,BrandE,30383,2021-05-07
PROD0952,Grocery,BrandB,7918,2021-02-17
PROD0953,Grocery,BrandA,5219,2023-11-10
PROD0954,Grocery,BrandC,30679,2020-05-04
PROD0955,Grocery,BrandA,45821,2024-02-08
PROD0956,Grocery,BrandA,47768,2021-03-10
PROD0957,Grocery,BrandA,29937,2020-05-19
PROD0958,Grocery,BrandC,1075,2023-10-12
PROD0959,Grocery,BrandC,16365,2022-06-12
PROD0960,Grocery,BrandD,4418,2020-04-28
PROD0961,Grocery,BrandD,35181,2021-11-25
PROD0962,Grocery,BrandD,41615,2023-10-24
PROD0963,Grocery,BrandA,43169,2022-08-30
PROD0964,Grocery,BrandE,47916,2023-10-01
PROD0965,Grocery,BrandC,13234,2020-08-09
PROD0966,Grocery,BrandD,39532,2024-02-03
PROD0967,Grocery,BrandE,46250,2020-08-14
PROD0968,Grocery,BrandD,10941,2020-07-04
PROD0969,Grocery,BrandD,26235,2020-11-29
PROD0970,Grocery,BrandE,12527,2021-03-29
PROD0971,Grocery,BrandD,40351,2020-10-01
PROD0972,Grocery,BrandA,34231,2022-05-03
PROD0973,Grocery,BrandA,36827,2020-08-04
PROD0974,Grocery,BrandA,25265,2020-08-21
PROD0975,Grocery,BrandB,1849,2023-01-30
PROD0976,Grocery,BrandD,33408,2020-08-06
PROD0977,Grocery,BrandB,7734,2020-06-10
PROD0978,Grocery,BrandC,10714,2022-01-17
PROD0979,Grocery,BrandE,24966,2022-03-31
PROD0980,Grocery,BrandC,10382,2021-03-30
PROD0981,Grocery,BrandB,20419,2022-08-21
PROD0982,Grocery,BrandA,36826,2021-10-12
PROD0983,Grocery,BrandD,15512,2020-09-17
PROD0984,Grocery,BrandD,36727,2023-08-22
PROD0985,Grocery,BrandA,8150,2022-12-05
PROD0986,Grocery,BrandD,24683,2023-11-09
PROD0987,Grocery,BrandE,18141,2021-11-07
PROD0988,Grocery,BrandE,6285,2021-01-17
PROD0989,Grocery,BrandE,20912,2022-10-26
PROD0990,Grocery,BrandC,25932,2021-07-03
PROD0991,Grocery,BrandA,17523,2023-05-25
PROD0992,Grocery,BrandE,47256,2021-10-16
PROD0993,Grocery,BrandB,41744,2022-06-17
PROD0994,Grocery,BrandE,36886,2020-07-25
PROD0995,Grocery,BrandC,29765,2022-07-15
PROD0996,Grocery,BrandB,10089,2020-11-10
PROD0997,Grocery,BrandA,18308,2022-10-15
PROD0998,Grocery,BrandA,23154,2023-03-06
PROD0999,Grocery,BrandE,30577,2023-05-22
PROD1000,Grocery,BrandB,30474,2023-08-25
PROD1001,Grocery,BrandB,41320,2020-10-18
PROD1002,Grocery,BrandE,3671,2023-05-26
PROD1003,Grocery,BrandE,19676,2020-05-08
PROD1004,Grocery,BrandD,9780,2020-11-26
PROD1005,Grocery,BrandD,25806,2020-12-07
PROD1006,Grocery,BrandE,14418,2023-04-17
PROD1007,Grocery,BrandC,20759,2020-05-09
PROD1008,Grocery,BrandD,49606,2021-02-10
PROD1009,Grocery,BrandE,5129,2021-03-01
PROD1010,Grocery,BrandB,48536,2020-06-19
PROD1011,Grocery,BrandD,2874,2023-09-26
PROD1012,Grocery,BrandC,17072,2023-05-30
PROD1013,Grocery,BrandA,14148,2021-05-04
PROD1014,Grocery,BrandB,33472,2023-03-15
PROD1015,Grocery,BrandC,43288,2022-01-05
PROD1016,Grocery,BrandC,41233,2023-12-10
PROD1017,Grocery,BrandC,14789,2020-05-24
PROD1018,Grocery,BrandB,16837,2020-01-03
PROD1019,Grocery,BrandC,16114,2022-03-26
PROD1020,Grocery,BrandA,21918,2020-09-02
PROD1021,Grocery,BrandD,33301,2022-01-26
PROD1022,Grocery,BrandB,11244,2021-08-09
PROD1023,Grocery,BrandC,31101,2021-04-14
PROD1024,Grocery,BrandE,967,2023-11-21
PROD1025,Grocery,BrandD,27282,2020-06-19
PROD1026,Grocery,BrandB,14440,2021-09-28
PROD1027,Grocery,BrandE,11937,2023-05-04
PROD1028,Grocery,BrandE,47159,2020-02-26
PROD1029,Grocery,BrandC,8887,2023-07-05
PROD1030,Grocery,BrandB,493,2021-07-31
PROD1031,Grocery,BrandC,12156,2023-11-24
PROD1032,Grocery,BrandA,43260,2022-04-09
PROD1033,Grocery,BrandE,45057,2023-06-25
PROD1034,Grocery,BrandA,28529,2021-12-24
PROD1035,Grocery,BrandC,46009,2020-04-16
PROD1036,Grocery,BrandD,31999,2021-03-07
PROD1037,Grocery,BrandE,32321,2020-05-20
PROD1038,Grocery,BrandD,20854,2020-01-23
PROD1039,Grocery,BrandB,44489,2021-05-08
PROD1040,Grocery,BrandE,21005,2023-07-02
PROD1041,Grocery,BrandA,24183,2022-05-10
PROD1042,Grocery,BrandD,41198,2021-04-04
PROD1043,Grocery,BrandB,29721,2024-01-20
PROD1044,Grocery,BrandE,20677,2022-05-03
PROD1045,Grocery,BrandB,36828,2021-04-03
PROD1046,Grocery,BrandA,763,2021-09-15
PROD1047,Grocery,BrandE,47401,2020-04-05
PROD1048,Grocery,BrandB,19316,2022-05-16
PROD1049,Grocery,BrandC,47359,2022-12-08
PROD1050,Grocery,BrandE,9365,2022-01-26
PROD1051,Grocery,BrandE,4674,2023-11-25
PROD1052,Grocery,BrandE,22855,2021-02-26
PROD1053,Grocery,BrandE,31341,2020-12-10
PROD1054,Grocery,BrandC,22776,2021-10-18
PROD1055,Grocery,BrandA,21661,2023-01-31
PROD1056,Grocery,BrandC,24837,2022-10-13
PROD1057,Grocery,BrandC,23490,2020-01-07
PROD1058,Grocery,BrandB,26176,2023-03-31
PROD1059,Grocery,BrandD,5646,2022-02-07
PROD1060,Grocery,BrandD,21380,2022-04-07
PROD1061,Grocery,BrandB,33053,2023-06-14
PROD1062,Grocery,BrandC,21137,2020-05-14
PROD1063,Grocery,BrandB,40676,2023-03-22
PROD1064,Grocery,BrandE,28664,2022-01-13
PROD1065,Grocery,BrandB,33697,2023-12-01
PROD1066,Grocery,BrandB,20003,2023-02-25
PROD1067,Grocery,BrandE,30906,2021-07-02
PROD1068,Grocery,BrandD,46428,2022-12-23
PROD1069,Grocery,BrandE,24492,2020-09-08
PROD1070,Grocery,BrandA,28187,2022-08-25
PROD1071,Grocery,BrandB,44388,2023-09-14
PROD1072,Grocery,BrandB,44408,2021-12-01
PROD1073,Grocery,BrandD,22393,2021-01-14
PROD1074,Grocery,BrandC,10777,2022-07-30
PROD1075,Grocery,BrandE,12903,2022-05-14
PROD1076,Grocery,BrandC,46756,2020-02-12
PROD1077,Grocery,BrandA,46102,2020-08-05
PROD1078,Grocery,BrandE,1325,2020-01-31
PROD1079,Grocery,BrandA,5874,2021-02-12
PROD1080,Grocery,BrandA,13143,2021-08-29
PROD1081,Home,BrandA,16263,2020-05-02
PROD1082,Home,BrandE,2944,2022-05-26
PROD1083,Home,BrandE,7447,2021-05-31
PROD1084,Home,BrandD,20904,2022-06-17
PROD1085,Home,BrandB,36864,2023-03-08
PROD1086,Home,BrandC,27346,2021-08-29
PROD1087,Home,BrandC,42558,2020-11-13
PROD1088,Home,BrandA,1788,2020-02-26
PROD1089,Home,BrandE,47155,2021-01-05
PROD1090,Home,BrandE,17351,2023-02-11
PROD1091,Home,BrandA,12604,2020-01-22
PROD1092,Home,BrandB,39820,2021-01-22
PROD1093,Home,BrandC,27684,2021-01-02
PROD1094,Home,BrandD,44584,2024-01-25
PROD1095,Home,BrandB,48631,2023-10-18
PROD1096,Home,BrandE,38952,2021-03-26
PROD1097,Home,BrandA,13319,2022-04-03
PROD1098,Home,BrandC,43072,2022-06-07
PROD1099,Home,BrandA,24915,2023-05-17
PROD1100,Home,BrandE,48965,2023-02-14
PROD1101,Home,BrandA,24723,2022-04-25
PROD1102,Home,BrandC,36917,2020-11-25
PROD1103,Home,BrandA,3557,2020-01-28
PROD1104,Home,BrandC,27955,2022-01-23
PROD1105,Home,BrandA,36358,2023-09-07
PROD1106,Home,BrandA,15570,2020-09-13
PROD1107,Home,BrandC,49057,2020-01-01
PROD1108,Home,BrandA,46030,2022-01-06
PROD1109,Home,BrandB,18381,2023-12-15
PROD1110,Home,BrandD,11828,2021-06-09
PROD1111,Home,BrandB,45780,2020-03-05
PROD1112,Home,BrandD,38823,2020-12-07
PROD1113,Home,BrandB,10262,2020-04-09
PROD1114,Home,BrandD,29372,2022-01-16
PROD1115,Home,BrandA,35588,2023-07-06
PROD1116,Home,BrandC,43441,2022-04-29
PROD1117,Home,BrandC,11438,2020-06-14
PROD1118,Home,BrandE,22396,2020-04-18
PROD1119,Home,BrandD,11775,2021-04-26
PROD1120,Home,BrandE,24170,2020-11-18
PROD1121,Home,BrandE,20180,2023-04-26
PROD1122,Home,BrandD,47239,2021-04-02
PROD1123,Home,BrandC,14036,2022-12-08
PROD1124,Home,BrandD,10119,2022-05-30
PROD1125,Home,BrandA,41282,2020-08-13
PROD1126,Home,BrandE,1846,2020-03-16
PROD1127,Home,BrandE,49781,2022-08-20
PROD1128,Home,BrandD,22868,2021-01-29
PROD1129,Home,BrandE,8425,2022-12-13
PROD1130,Home,BrandC,44863,2023-03-04
PROD1131,Home,BrandE,4586,2022-01-30
PROD1132,Home,BrandD,16585,2021-02-02
PROD1133,Home,BrandC,14428,2020-03-02
PROD1134,Home,BrandC,19212,2022-04-30
PROD1135,Home,BrandE,44101,2022-03-24
PROD1136,Home,BrandD,32380,2021-10-15
PROD1137,Home,BrandE,26676,2021-09-05
PROD1138,Home,BrandA,42628,2023-04-02
PROD1139,Home,BrandA,15802,2024-01-14
PROD1140,Home,BrandC,21420,2020-05-21
PROD1141,Home,BrandE,18537,2021-06-05
PROD1142,Home,BrandA,293,2021-05-18
PROD1143,Home,BrandB,25417,2022-10-05
PROD1144,Home,BrandA,28582,2020-12-07
PROD1145,Home,BrandE,19443,2022-06-03
PROD1146,Home,BrandE,29244,2022-08-04
PROD1147,Home,BrandA,11712,2023-04-21
PROD1148,Home,BrandE,19407,2023-04-14
PROD1149,Home,BrandE,19723,2021-09-30
PROD1150,Home,BrandB,20349,2020-09-23
PROD1151,Home,BrandC,8329,2021-10-19
PROD1152,Home,BrandE,26374,2022-05-22
PROD1153,Home,BrandD,37434,2021-03-20
PROD1154,Home,BrandC,6695,2022-09-01
PROD1155,Home,BrandC,28702,2023-07-30
PROD1156,Home,BrandD,38477,2020-02-05
PROD1157,Home,BrandA,37976,2022-09-01
PROD1158,Home,BrandB,34651,2023-09-04
PROD1159,Home,BrandE,43026,2020-03-02
PROD1160,Home,BrandA,24778,2020-07-15
PROD1161,Home,BrandD,22314,2022-04-02
PROD1162,Home,BrandB,38699,2023-01-13
PROD1163,Home,BrandB,32909,2022-03-06
PROD1164,Home,BrandB,44054,2023-01-25
PROD1165,Home,BrandD,27894,2023-04-12
PROD1166,Home,BrandA,22693,2020-07-30
PROD1167,Home,BrandE,28964,2021-01-22
PROD1168,Home,BrandB,44429,2021-01-27
PROD1169,Home,BrandB,42736,2021-06-13
PROD1170,Home,BrandA,3789,2020-09-08
PROD1171,Home,BrandB,40463,2021-02-06
PROD1172,Home,BrandB,14787,2022-01-12
PROD1173,Home,BrandD,20481,2022-10-30
PROD1174,Home,BrandC,33193,2021-06-28
PROD1175,Home,BrandA,23689,2023-06-24
PROD1176,Home,BrandA,1220,2023-10-10
PROD1177,Home,BrandA,16591,2020-04-29
PROD1178,Home,BrandD,43738,2020-04-20
PROD1179,Home,BrandD,39162,2022-08-01
PROD1180,Home,BrandE,5293,2023-07-12
PROD1181,Home,BrandD,23708,2022-01-20
PROD1182,Home,BrandA,15313,2023-06-24
PROD1183,Home,BrandE,48479,2023-05-22
PROD1184,Home,BrandC,14330,2021-08-24
PROD1185,Home,BrandB,18523,2022-07-07
PROD1186,Home,BrandB,17287,2020-10-30
PROD1187,Home,BrandE,10140,2021-11-20
PROD1188,Home,BrandC,866,2022-05-13
PROD1189,Home,BrandB,30049,2020-04-30
PROD1190,Home,BrandE,46564,2024-02-01
PROD1191,Home,BrandD,3627,2020-05-29
PROD1192,Home,BrandA,11121,2021-07-24
PROD1193,Home,BrandC,17972,2022-07-16
PROD1194,Home,BrandB,36997,2021-09-07
PROD1195,Home,BrandA,11858,2023-03-02
PROD1196,Home,BrandE,18857,2022-04-24
PROD1197,Home,BrandB,25512,2022-12-14
PROD1198,Home,BrandA,14412,2021-03-05
PROD1199,Home,BrandD,22219,2021-10-23
PROD1200,Home,BrandC,11904,2021-04-14
